{
  "hentai_thresh_pct": 37,
  "porn_thresh_pct": 41,
  "f1": 0.9469071639661673,
  "precision": 0.9575432811211871,
  "recall": 0.9365047369481959,
  "fpr": 0.01863916033297141,
  "accuracy": 0.9674639355523637,
  "tp": 4646,
  "fp": 206,
  "tn": 10846,
  "fn": 315
}