{
  "f1_ci": [
    0.9418684964666547,
    0.9509726545320817
  ],
  "precision_ci": [
    0.951469638089807,
    0.9632078719952114
  ],
  "recall_ci": [
    0.9281383573766112,
    0.9423455073959843
  ],
  "fpr_ci": [
    0.016073539106437787,
    0.02118365317432591
  ]
}