k,users,precision,recall,f1,map,ndcg
5,24,0.8083333333333332,0.23278348386262696,0.3463877132911351,0.8718749999999998,0.9003195719296353
10,24,0.6958333333333334,0.3802582864964097,0.47111305746934723,0.8580596169795079,0.8995350104785654
20,24,0.5333333333333333,0.5540845814835175,0.5213906853252558,0.7942419397024855,0.8803272569707982
